{
  "cache_speedup": 14797.243218543224,
  "batch_speedup": 9.988507364622645
}